WORKER_ID;USER_ID;FILENAME;FILECONTENT;PASSWORD
1600000101;1560000101;0X0I0N0H0H0H0H0H0I0H0I2S2D2I2C2D2C2D2C2D2C2D0--0I0N010I0H0I66060;"5G""c\%eb![5&M(67(D$Z6HTfc9(M!a9bV7i9HBZ?B*Vs%(#TZ7&b9c>C*u""))#rf<(bVlAD+7]8(""rZc&d]ZV&dTZP&dTZP&dTZQ&dTZQ(GicL(F]cK(F+cK(F+cK(F+cK(F+Z3%asT64ar]63""sQ63#To6)ar";plmt160103h6
1600000101;2360000101;0X0I0N0H0H0H0H0H0I0H0I2S2D2I2C2D2C2D2C2D2C2D0--0I0N010I0H0I66060;"5G""c\%ejQ[5&M(67Ft$Z6HTfd4fM!a9bV<Y9HBZ?B*Vs%(#TZ7&b9c>C*u""))#rf<(bVlAD+7]8(""rZc&d]ZV&dTZP&dTZP&dTZQ&dTZQ(GicL(F]cK(F+cK(F+cK(F+cK(F+Z3%asT64ar]63""sQ63#To6)ar";plmt160103h6
1J90000101;1560000101;060I170Q0H0H0H0H0I0H0I1A1M2B1U1L1M1L1M1N1L1M0--0I170Q240I0H0I6528;"5G""c\%eb![5&M(67(D$Z6HTfc9(M!a9bV7i9HBZ?B*Vs%(#TZ7&b9c>C*u""))#rf<(bVlAD+7]8(""rZ>&d]]?&eTZP&dTZP&dTZQ&dTZQ($i]U(Er]](&!]U(&!]U(&7]T(&+Z3%asT7*""so8)""sT62asT>)D+u";plmt160103h6
1J90000101;2360000101;060I170Q0H0H0H0H0I0H0I1A1M2B1U1L1M1L1M1N1L1M0--0I170Q240I0H0I6528;"5G""c\%ejQ[5&M(67Ft$Z6HTfd4fM!a9bV<Y9HBZ?B*Vs%(#TZ7&b9c>C*u""))#rf<(bVlAD+7]8(""rZ>&d]]?&eTZP&dTZP&dTZQ&dTZQ($i]U(Er]](&!]U(&!]U(&7]T(&+Z3%asT7*""so8)""sT62asT>)D+u";plmt160103h6
1J90000101;1260000101;060I170Q0H0H0H0H0I0H0I1A1M2B1U1L1M1L1M1N1L1M0--0I170Q240I0H0I6528;"5G""c\%ejf[5&M(67GV$Z6HTfd6fM!a9bV<b9HBZ?B*Vs%(#TZ7&b9c>C*u""))#rf<(bVlAD+7]8(""rZ>&d]]?&eTZP&dTZP&dTZQ&dTZQ($i]U(Er]](&!]U(&!]U(&7]T(&+Z3%asT7*""so8)""sT62asT>)D+u";plmt160103h6
1J90000101;IB68K00101;060I170Q0H0H0H0H0I0H0I1A1M2B1U1L1M1L1M1N1L1M0--0I170Q240I0H0I6528;"5G""c\%ek$[5&M(67HM$Z6HTfd9HM!a9bV<j9HBZ?5JVs%(#TZ7&b9c>6Ju""))#rf<(bVlA7K7]8(""rZ>&d]]?&eTZP&dTZP&dTZQ&dTZQ($i]U(Er]](&!]U(&!]U(&7]T(&+Z3%asT7*""so8)""sT62asT>)D+u";Plmt160103h6
1J90000101;V3BNJ00101;060I170Q0H0H0H0H0I0H0I1A1M2B1U1L1M1L1M1N1L1M0--0I170Q240I0H0I6528;"5G""c\%eD$[5&M(66(M$Z6HTf]9HM!a9bV+j9HBZ?B*Vs%(#TZ7&b9c>C*u""))#rf<(bVlAD+7]8(""rZ>&d]]?&eTZP&dTZP&dTZQ&dTZQ($i]U(Er]](&!]U(&!]U(&7]T(&+Z3%asT7*""so8)""sT62asT>)D+u";plmt160103h6
2G10000101;1560000101;1G0J140I0H0H0H0H0I0H0I3U2X3I2W2V2W2V2W2X2V2W0--0J140I1U0I0H0I651Y;"5G""c\%eb![5&M(67(D$Z6HTfc9(M!a9bV7i9HBZ?B*Vs%(#TZ7&b9c>C*u""))#rf<(bVlAD+7]8(""r]O&di]<&d]ZP&dTZP&dTZQ&dTZQ(f!cc(d]cb(H+cb(H+cb(HBca(H7Z3%asW7)""sT77""sT62asT>)D#1";plmt160103h6
DOXFK00101;1560000101;0A111C1L13180H0H0I0H0I1I292K2T2B2G1P1Q1R1P1Q0--111C1L13180M0I0H0I630O0;"5G""c\%eb![5&M(67(D$Z6HTfc9(M!a9bV7i9HBZ?B*Vs%(#TZ7&b9c>C*u""))#rf<(bVlAD+7]8(""rZI(#!]K(&!]9(#iZP&dTZQ&dTZQ(%]cA(Frc\(ErcO(&K]Y(&]]X(&TZ3%b!]71#""]7(b!u64CsT62asT>(asi6";plmt160103h6
WZIAK00101;1560000101;0K1K1N160Y180H0H0I0H0I2232352O2G2Q1Z20211Z200--1K1N160Y180W0I0H0I630Y0;"5G""c\%eb![5&M(67(D$Z6HTfc9(M!a9bV7i9HBZ?B*Vs%(#TZ7&b9c>C*u""))#rf<(bVlAD+7]8(""rZS(%r]V(#TZd(#iZP&dTZQ&dTZQ(D+f8(bKcW(FKcY((Tc6(D!]e(CrZ3%b""Z74b!o68D!u67asT62asT>(at16";plmt160103h6
2000000101;1560000101;0S0J0H0H0H0H0H0H0I0H0I2I292728272827282927280--0J180I0H0I671E0;"5G""c\%eb![5&M(67(D$Z6HTfc9(M!a9bV7i9HBZ?B*Vs%(#TZ7&b9c>C*u""))#rf<(bVlAD+7]8(""rZ[&diZP&dTZP&dTZP&dTZQ&dTZQ(F]cA(D]c@(D]c@(D]c@(Drc?(DiZ3%asW7*CsT62asT>*#""H6";plmt160103h6
1J90000101;IB68K00101;060I170Q0H0H0H0H0I0H0I1A1M2B1U1L1M1L1M1N1L1M0--0I170Q240I0H0I6528;"5G""c\%ek$[5&M(67HM$Z6HTfd9HM!a9bV<j9HBZ?5G""c\(#TZ7&b9c>6GClb)#rf<(bVlA7G]]8(""rZ>&d]]?&eTZP&dTZP&dTZQ&dTZQ($i]U(Er]](&!]U(&!]U(&7]T(&+Z3%asT7*""so8)""sT62asT>)D+u";PLMT160103h6
1600000101;IB68K00101;0X0I0N0H0H0H0H0H0I0H0I2S2D2I2C2D2C2D2C2D2C2D0--0I0N010I0H0I66060;"5G""c\%ek$[5&M(67HM$Z6HTfd9HM!a9bV<j9HBZ?0IDKl=%0Tp>)jNr?J#cR@*Miv4JbuxAGKZ=(""rZc&d]ZV&dTZP&dTZP&dTZQ&dTZQ(GicL(F]cK(F+cK(F+cK(F+cK(F+Z3%asT64ar]63""sQ63#To6)ar";Aaaaa
1600000101;IB68K00101;0X0I0N0H0H0H0H0H0I0H0I2S2D2I2C2D2C2D2C2D2C2D0--0I0N010I0H0I66060;"5G""c\%ek$[5&M(67HM$Z6HTfd9HM!a9bV<j9HBZ?0IDKl=F0Tp>)jNr?J#cR@*Miv4JbuxAGKZ=(""rZc&d]ZV&dTZP&dTZP&dTZQ&dTZQ(GicL(F]cK(F+cK(F+cK(F+cK(F+Z3%asT64ar]63""sQ63#To6)ar";Aaaab
1600000101;IB68K00101;0X0I0N0H0H0H0H0H0I0H0I2S2D2I2C2D2C2D2C2D2C2D0--0I0N010I0H0I66060;"5G""c\%ek$[5&M(67HM$Z6HTfd9HM!a9bV<j9HBZ?0IDKm=%0Tp>gaNr?J9]R@*Mou4JbuzA&KZ=(""rZc&d]ZV&dTZP&dTZP&dTZQ&dTZQ(GicL(F]cK(F+cK(F+cK(F+cK(F+Z3%asT64ar]63""sQ63#To6)ar";Aaaba
1600000101;IB68K00101;0X0I0N0H0H0H0H0H0I0H0I2S2D2I2C2D2C2D2C2D2C2D0--0I0N010I0H0I66060;"5G""c\%ek$[5&M(67HM$Z6HTfd9HM!a9bV<j9HBZ?0IDNl=%0Tp>)jNr?J#cR@*Miv4JbuxAGKZ=(""rZc&d]ZV&dTZP&dTZP&dTZQ&dTZQ(GicL(F]cK(F+cK(F+cK(F+cK(F+Z3%asT64ar]63""sQ63#To6)ar";Aabaa
1600000101;IB68K00101;0X0I0N0H0H0H0H0H0I0H0I2S2D2I2C2D2C2D2C2D2C2D0--0I0N010I0H0I66060;"5G""c\%ek$[5&M(67HM$Z6HTfd9HM!a9bV<j9HBZ?0IMKl=%0Wo>IaNs?*0]R@JDlu4JkryA&KZ=(""rZc&d]ZV&dTZP&dTZP&dTZQ&dTZQ(GicL(F]cK(F+cK(F+cK(F+cK(F+Z3%asT64ar]63""sQ63#To6)ar";Abaaa
1600000101;IB68K00101;0X0I0N0H0H0H0H0H0I0H0I2S2D2I2C2D2C2D2C2D2C2D0--0I0N010I0H0I66060;"5G""c\%ek$[5&M(67HM$Z6HTfd9HM!a9bV<j9HBZ?0gDKl=%9Tp>)jQr?J#cS@*Miv4hbuxAGTZ=(""rZc&d]ZV&dTZP&dTZP&dTZQ&dTZQ(GicL(F]cK(F+cK(F+cK(F+cK(F+Z3%asT64ar]63""sQ63#To6)ar";Baaaa
1600000101;IB68K00101;0X0I0N0H0H0H0H0H0I0H0I2S2D2I2C2D2C2D2C2D2C2D0--0I0N010I0H0I66060;"5G""c\%ek$[5&M(67HM$Z6HTfd9HM!a9bV<j9HBZ?0IDKl=)CEo>IbWo2J#cr?J""Wu@JDlu4J]Z>(""rZc&d]ZV&dTZP&dTZP&dTZQ&dTZQ(GicL(F]cK(F+cK(F+cK(F+cK(F+Z3%asT64ar]63""sQ63#To6)ar";Aaaaaa
1600000101;IB68K00101;0X0I0N0H0H0H0H0H0I0H0I2S2D2I2C2D2C2D2C2D2C2D0--0I0N010I0H0I66060;"5G""c\%ek$[5&M(67HM$Z6HTfd9HM!a9bV<j9HBZ?0IDKl=)DKL>)kTp>)jNr?J#cr?Fkiv@*KZ?(""rZc&d]ZV&dTZP&dTZP&dTZQ&dTZQ(GicL(F]cK(F+cK(F+cK(F+cK(F+Z3%asT64ar]63""sQ63#To6)ar";Aaaaaaa
1600000101;IB68K00101;0X0I0N0H0H0H0H0H0I0H0I2S2D2I2C2D2C2D2C2D2C2D0--0I0N010I0H0I66060;"5G""c\%ek$[5&M(67HM$Z6HTfd9HM!a9bV<j9HBZ?0IB]7(%0T<)DCNr*#irR@$""$B4Ja+F/&KZ=(""rZc&d]ZV&dTZP&dTZP&dTZQ&dTZQ(GicL(F]cK(F+cK(F+cK(F+cK(F+Z3%asT64ar]63""sQ63#To6)ar";Aa111
1600000101;IB68K00101;0X0I0N0H0H0H0H0H0I0H0I2S2D2I2C2D2C2D2C2D2C2D0--0I0N010I0H0I66060;"5G""c\%ek$[5&M(67HM$Z6HTfd9HM!a9bV<j9HBZ?0IB]7(F0T<)DUNr*#ixR@$""$D4Ja+F/eKZ=(""rZc&d]ZV&dTZP&dTZP&dTZQ&dTZQ(GicL(F]cK(F+cK(F+cK(F+cK(F+Z3%asT64ar]63""sQ63#To6)ar";Aa112
1600000101;IB68K00101;0X0I0N0H0H0H0H0H0I0H0I2S2D2I2C2D2C2D2C2D2C2D0--0I0N010I0H0I66060;"5G""c\%ek$[5&M(67HM$Z6HTfd9HM!a9bV<j9HBZ?0IB]8(%0T<)DCNr*#irR@$""$B4Ja+F/&KZ=(""rZc&d]ZV&dTZP&dTZP&dTZQ&dTZQ(GicL(F]cK(F+cK(F+cK(F+cK(F+Z3%asT64ar]63""sQ63#To6)ar";Aa121
1600000101;IB68K00101;0X0I0N0H0H0H0H0H0I0H0I2S2D2I2C2D2C2D2C2D2C2D0--0I0N010I0H0I66060;"5G""c\%ek$[5&M(67HM$Z6HTfd9HM!a9bV<j9HBZ?0IMQo>F0Wq?*/Ns?hDlR@JVry4Jky!BGKZ=(""rZc&d]ZV&dTZP&dTZP&dTZQ&dTZQ(GicL(F]cK(F+cK(F+cK(F+cK(F+Z3%asT64ar]63""sQ63#To6)ar";Abcde
1600000101;IB68K00101;0X0I0N0H0H0H0H0H0I0H0I2S2D2I2C2D2C2D2C2D2C2D0--0I0N010I0H0I66060;"5G""c\%ek$[5&M(67HM$Z6HTfd9HM!a9bV<j9HBZ?0IMQo>d0Wq?*8Ns?hDoR@JVrz4Jky!BeKZ=(""rZc&d]ZV&dTZP&dTZP&dTZQ&dTZQ(GicL(F]cK(F+cK(F+cK(F+cK(F+Z3%asT64ar]63""sQ63#To6)ar";Abcdf
1600000101;IB68K00101;0X0I0N0H0H0H0H0H0I0H0I2S2D2I2C2D2C2D2C2D2C2D0--0I0N010I0H0I66060;"5G""c\%ek$[5&M(67HM$Z6HTfd9HM!a9bV<j9HBZ?0IDKl&d0Tp>#8Nr?J!oR@*MiA4Jbux+eKZ=(""rZc&d]ZV&dTZP&dTZP&dTZQ&dTZQ(GicL(F]cK(F+cK(F+cK(F+cK(F+Z3%asT64ar]63""sQ63#To6)ar";Aaaa0
1600000101;IB68K00101;0X0I0N0H0H0H0H0H0I0H0I2S2D2I2C2D2C2D2C2D2C2D0--0I0N010I0H0I66060;"5G""c\%ek$[5&M(67HM$Z6HTfd9HM!a9bV<j9HBZ?0IDKl(%0Tp>#CNr?J!rR@*MiB4Jbux/&KZ=(""rZc&d]ZV&dTZP&dTZP&dTZQ&dTZQ(GicL(F]cK(F+cK(F+cK(F+cK(F+Z3%asT64ar]63""sQ63#To6)ar";Aaaa1
1600000101;IB68K00101;0X0I0N0H0H0H0H0H0I0H0I2S2D2I2C2D2C2D2C2D2C2D0--0I0N010I0H0I66060;"5G""c\%ek$[5&M(67HM$Z6HTfd9HM!a9bV<j9HBZ?0IDKl(F0Tp>#LNr?J!uR@*MiC4Jbux/GKZ=(""rZc&d]ZV&dTZP&dTZP&dTZQ&dTZQ(GicL(F]cK(F+cK(F+cK(F+cK(F+Z3%asT64ar]63""sQ63#To6)ar";Aaaa2
1600000101;IB68K00101;0X0I0N0H0H0H0H0H0I0H0I2S2D2I2C2D2C2D2C2D2C2D0--0I0N010I0H0I66060;"5G""c\%ek$[5&M(67HM$Z6HTfd9HM!a9bV<j9HBZ?0IDKl(d0Tp>#UNr?J!xR@*MiD4Jbux/eKZ=(""rZc&d]ZV&dTZP&dTZP&dTZQ&dTZQ(GicL(F]cK(F+cK(F+cK(F+cK(F+Z3%asT64ar]63""sQ63#To6)ar";Aaaa3
1600000101;IB68K00101;0X0I0N0H0H0H0H0H0I0H0I2S2D2I2C2D2C2D2C2D2C2D0--0I0N010I0H0I66060;"5G""c\%ek$[5&M(67HM$Z6HTfd9HM!a9bV<j9HBZ?0IDKl)%0Tp>#aNr?J""!R@*MiE4Jbux0&KZ=(""rZc&d]ZV&dTZP&dTZP&dTZQ&dTZQ(GicL(F]cK(F+cK(F+cK(F+cK(F+Z3%asT64ar]63""sQ63#To6)ar";Aaaa4
1600000101;IB68K00101;0X0I0N0H0H0H0H0H0I0H0I2S2D2I2C2D2C2D2C2D2C2D0--0I0N010I0H0I66060;"5G""c\%ek$[5&M(67HM$Z6HTfd9HM!a9bV<j9HBZ?0IDKl)F0Tp>#jNr?J""$R@*MiF4Jbux0GKZ=(""rZc&d]ZV&dTZP&dTZP&dTZQ&dTZQ(GicL(F]cK(F+cK(F+cK(F+cK(F+Z3%asT64ar]63""sQ63#To6)ar";Aaaa5
1600000101;IB68K00101;0X0I0N0H0H0H0H0H0I0H0I2S2D2I2C2D2C2D2C2D2C2D0--0I0N010I0H0I66060;"5G""c\%ek$[5&M(67HM$Z6HTfd9HM!a9bV<j9HBZ?0IDKl)d0Tp>#sNr?J""(R@*MiG4Jbux0eKZ=(""rZc&d]ZV&dTZP&dTZP&dTZQ&dTZQ(GicL(F]cK(F+cK(F+cK(F+cK(F+Z3%asT64ar]63""sQ63#To6)ar";Aaaa6
1600000101;IB68K00101;0X0I0N0H0H0H0H0H0I0H0I2S2D2I2C2D2C2D2C2D2C2D0--0I0N010I0H0I66060;"5G""c\%ek$[5&M(67HM$Z6HTfd9HM!a9bV<j9HBZ?0IDKl*%0Tp>$""Nr?J""+R@*MiH4Jbux1&KZ=(""rZc&d]ZV&dTZP&dTZP&dTZQ&dTZQ(GicL(F]cK(F+cK(F+cK(F+cK(F+Z3%asT64ar]63""sQ63#To6)ar";Aaaa7
1600000101;IB68K00101;0X0I0N0H0H0H0H0H0I0H0I2S2D2I2C2D2C2D2C2D2C2D0--0I0N010I0H0I66060;"5G""c\%ek$[5&M(67HM$Z6HTfd9HM!a9bV<j9HBZ?0IDKl*F0Tp>$/Nr?J""1R@*MiI4Jbux1GKZ=(""rZc&d]ZV&dTZP&dTZP&dTZQ&dTZQ(GicL(F]cK(F+cK(F+cK(F+cK(F+Z3%asT64ar]63""sQ63#To6)ar";Aaaa8
1600000101;IB68K00101;0X0I0N0H0H0H0H0H0I0H0I2S2D2I2C2D2C2D2C2D2C2D0--0I0N010I0H0I66060;"5G""c\%ek$[5&M(67HM$Z6HTfd9HM!a9bV<j9HBZ?0IDKl*d0Tp>$8Nr?J""4R@*MiJ4Jbux1eKZ=(""rZc&d]ZV&dTZP&dTZP&dTZQ&dTZQ(GicL(F]cK(F+cK(F+cK(F+cK(F+Z3%asT64ar]63""sQ63#To6)ar";Aaaa9
1600000101;IB68K00101;0X0I0N0H0H0H0H0H0I0H0I2S2D2I2C2D2C2D2C2D2C2D0--0I0N010I0H0I66060;"5G""c\%ek$[5&M(67HM$Z6HTfd9HM!a9bV<j9HBZ?0IDKl0F0Tp>%/Nr?J""NR@*MiR4Jbux4GKZ=(""rZc&d]ZV&dTZP&dTZP&dTZQ&dTZQ(GicL(F]cK(F+cK(F+cK(F+cK(F+Z3%asT64ar]63""sQ63#To6)ar";AaaaA
1600000101;IB68K00101;0X0I0N0H0H0H0H0H0I0H0I2S2D2I2C2D2C2D2C2D2C2D0--0I0N010I0H0I66060;"5G""c\%ek$[5&M(67HM$Z6HTfd9HM!a9bV<j9HBZ?0IDKl0d0Tp>%8Nr?J""QR@*MiS4Jbux4eKZ=(""rZc&d]ZV&dTZP&dTZP&dTZQ&dTZQ(GicL(F]cK(F+cK(F+cK(F+cK(F+Z3%asT64ar]63""sQ63#To6)ar";AaaaB
1600000101;IB68K00101;0X0I0N0H0H0H0H0H0I0H0I2S2D2I2C2D2C2D2C2D2C2D0--0I0N010I0H0I66060;"5G""c\%ek$[5&M(67HM$Z6HTfd9HM!a9bV<j9HBZ?0IDKl1%0Tp>%CNr?J""TR@*MiT4Jbux5&KZ=(""rZc&d]ZV&dTZP&dTZP&dTZQ&dTZQ(GicL(F]cK(F+cK(F+cK(F+cK(F+Z3%asT64ar]63""sQ63#To6)ar";AaaaC
1600000101;IB68K00101;0X0I0N0H0H0H0H0H0I0H0I2S2D2I2C2D2C2D2C2D2C2D0--0I0N010I0H0I66060;"5G""c\%ek$[5&M(67HM$Z6HTfd9HM!a9bV<j9HBZ?0IDKl=%0Tp>)jNr?J#cR@*Miv4JbuxAGKZ=(""rZc&d]ZV&dTZP&dTZP&dTZQ&dTZQ(GicL(F]cK(F+cK(F+cK(F+cK(F+Z3%asT64ar]63""sQ63#To6)ar";Aaaaa
1600000101;IB68K00101;0X0I0N0H0H0H0H0H0I0H0I2S2D2I2C2D2C2D2C2D2C2D0--0I0N010I0H0I66060;"5G""c\%ek$[5&M(67HM$Z6HTfd9HM!a9bV<j9HBZ?0IDKl=F0Tp>)jNr?J#cR@*Miv4JbuxAGKZ=(""rZc&d]ZV&dTZP&dTZP&dTZQ&dTZQ(GicL(F]cK(F+cK(F+cK(F+cK(F+Z3%asT64ar]63""sQ63#To6)ar";Aaaab
1600000101;IB68K00101;0X0I0N0H0H0H0H0H0I0H0I2S2D2I2C2D2C2D2C2D2C2D0--0I0N010I0H0I66060;"5G""c\%ek$[5&M(67HM$Z6HTfd9HM!a9bV<j9HBZ?0IDKl=d0Tp>)sNr?J#fR@*Miw4JbuxAeKZ=(""rZc&d]ZV&dTZP&dTZP&dTZQ&dTZQ(GicL(F]cK(F+cK(F+cK(F+cK(F+Z3%asT64ar]63""sQ63#To6)ar";Aaaac
1600000101;IB68K00101;0X0I0N0H0H0H0H0H0I0H0I2S2D2I2C2D2C2D2C2D2C2D0--0I0N010I0H0I66060;"5G""c\%ek$[5&M(67HM$Z6HTfd9HM!a9bV<j9HBZ?0IDKl>%0Tp>*""Nr?J#iR@*Mix4JbuxB&KZ=(""rZc&d]ZV&dTZP&dTZP&dTZQ&dTZQ(GicL(F]cK(F+cK(F+cK(F+cK(F+Z3%asT64ar]63""sQ63#To6)ar";Aaaad
1600000101;IB68K00101;0X0I0N0H0H0H0H0H0I0H0I2S2D2I2C2D2C2D2C2D2C2D0--0I0N010I0H0I66060;"5G""c\%ek$[5&M(67HM$Z6HTfd9HM!a9bV<j9HBZ?0IDKl>F0Tp>*/Nr?J#lR@*Miy4JbuxBGKZ=(""rZc&d]ZV&dTZP&dTZP&dTZQ&dTZQ(GicL(F]cK(F+cK(F+cK(F+cK(F+Z3%asT64ar]63""sQ63#To6)ar";Aaaae
1600000101;IB68K00101;0X0I0N0H0H0H0H0H0I0H0I2S2D2I2C2D2C2D2C2D2C2D0--0I0N010I0H0I66060;"5G""c\%ek$[5&M(67HM$Z6HTfd9HM!a9bV<j9HBZ?1)DKl=%DTp>)jTr?J#cT@*Miv5*buxAG]Z=(""rZc&d]ZV&dTZP&dTZP&dTZQ&dTZQ(GicL(F]cK(F+cK(F+cK(F+cK(F+Z3%asT64ar]63""sQ63#To6)ar";Caaaa
1600000101;IB68K00101;0X0I0N0H0H0H0H0H0I0H0I2S2D2I2C2D2C2D2C2D2C2D0--0I0N010I0H0I66060;"5G""c\%ek$[5&M(67HM$Z6HTfd9HM!a9bV<j9HBZ?1IDKl=%MTp>)jWr?J#cU@*Miv5JbuxAGiZ=(""rZc&d]ZV&dTZP&dTZP&dTZQ&dTZQ(GicL(F]cK(F+cK(F+cK(F+cK(F+Z3%asT64ar]63""sQ63#To6)ar";Daaaa
1600000101;IB68K00101;0X0I0N0H0H0H0H0H0I0H0I2S2D2I2C2D2C2D2C2D2C2D0--0I0N010I0H0I66060;"5G""c\%ek$[5&M(67HM$Z6HTfd9HM!a9bV<j9HBZ?0IVKl=%0Zo>IaNt?*0]R@hDlu4JtryA&KZ=(""rZc&d]ZV&dTZP&dTZP&dTZQ&dTZQ(GicL(F]cK(F+cK(F+cK(F+cK(F+Z3%asT64ar]63""sQ63#To6)ar";Acaaa
1600000101;IB68K00101;0X0I0N0H0H0H0H0H0I0H0I2S2D2I2C2D2C2D2C2D2C2D0--0I0N010I0H0I66060;"5G""c\%ek$[5&M(67HM$Z6HTfd9HM!a9bV<j9HBZ?0IbKl=%0]o>IaNu?*0]RA*Dlu4K#ryA&KZ=(""rZc&d]ZV&dTZP&dTZP&dTZQ&dTZQ(GicL(F]cK(F+cK(F+cK(F+cK(F+Z3%asT64ar]63""sQ63#To6)ar";Adaaa
1600000101;IB68K00101;0X0I0N0H0H0H0H0H0I0H0I2S2D2I2C2D2C2D2C2D2C2D0--0I0N010I0H0I66060;"5G""c\%ek$[5&M(67HM$Z6HTfd9HM!a9bV<j9HBZ?0IDQl=%0Tq>)jNr?h#cR@*Viv4JbxxAGKZ=(""rZc&d]ZV&dTZP&dTZP&dTZQ&dTZQ(GicL(F]cK(F+cK(F+cK(F+cK(F+Z3%asT64ar]63""sQ63#To6)ar";Aacaa
1600000101;IB68K00101;0X0I0N0H0H0H0H0H0I0H0I2S2D2I2C2D2C2D2C2D2C2D0--0I0N010I0H0I66060;"5G""c\%ek$[5&M(67HM$Z6HTfd9HM!a9bV<j9HBZ?0IDTl=%0Tr>)jNr@*#cR@*biv4Jc!xAGKZ=(""rZc&d]ZV&dTZP&dTZP&dTZQ&dTZQ(GicL(F]cK(F+cK(F+cK(F+cK(F+Z3%asT64ar]63""sQ63#To6)ar";Aadaa
1600000101;IB68K00101;0X0I0N0H0H0H0H0H0I0H0I2S2D2I2C2D2C2D2C2D2C2D0--0I0N010I0H0I66060;"5G""c\%ek$[5&M(67HM$Z6HTfd9HM!a9bV<j9HBZ?0IDKn=%0Tp>gaNr?J9]R@*Mou4JbuzA&KZ=(""rZc&d]ZV&dTZP&dTZP&dTZQ&dTZQ(GicL(F]cK(F+cK(F+cK(F+cK(F+Z3%asT64ar]63""sQ63#To6)ar";Aaaca
1600000101;IB68K00101;0X0I0N0H0H0H0H0H0I0H0I2S2D2I2C2D2C2D2C2D2C2D0--0I0N010I0H0I66060;"5G""c\%ek$[5&M(67HM$Z6HTfd9HM!a9bV<j9HBZ?0IDKo=%0Tp?)aNr?JD]R@*Mru4Jbv!A&KZ=(""rZc&d]ZV&dTZP&dTZP&dTZQ&dTZQ(GicL(F]cK(F+cK(F+cK(F+cK(F+Z3%asT64ar]63""sQ63#To6)ar";Aaada
